valid_time,t2m,latitude,longitude
2020-01-01 00:00:00,271.40924,41.75,-87.75
2020-01-01 01:00:00,271.5918,41.75,-87.75
2020-01-01 02:00:00,271.33893,41.75,-87.75
2020-01-01 03:00:00,270.75537,41.75,-87.75
2020-01-01 04:00:00,270.65338,41.75,-87.75
2020-01-01 05:00:00,270.64258,41.75,-87.75
2020-01-01 06:00:00,270.349,41.75,-87.75
2020-01-01 07:00:00,270.05286,41.75,-87.75
2020-01-01 08:00:00,269.74036,41.75,-87.75
2020-01-01 09:00:00,269.35205,41.75,-87.75
2020-01-01 10:00:00,268.42255,41.75,-87.75
2020-01-01 11:00:00,268.4837,41.75,-87.75
2020-01-01 12:00:00,268.51517,41.75,-87.75
2020-01-01 13:00:00,268.44885,41.75,-87.75
2020-01-01 14:00:00,268.6455,41.75,-87.75
2020-01-01 15:00:00,270.85986,41.75,-87.75
2020-01-01 16:00:00,272.28204,41.75,-87.75
2020-01-01 17:00:00,273.82062,41.75,-87.75
2020-01-01 18:00:00,275.62952,41.75,-87.75
2020-01-01 19:00:00,276.7052,41.75,-87.75
2020-01-01 20:00:00,277.5855,41.75,-87.75
2020-01-01 21:00:00,278.4981,41.75,-87.75
2020-01-01 22:00:00,277.96936,41.75,-87.75
2020-01-01 23:00:00,277.6566,41.75,-87.75
2020-01-02 00:00:00,277.72055,41.75,-87.75
2020-01-02 01:00:00,277.75696,41.75,-87.75
2020-01-02 02:00:00,277.91602,41.75,-87.75
2020-01-02 03:00:00,278.23108,41.75,-87.75
2020-01-02 04:00:00,278.2303,41.75,-87.75
2020-01-02 05:00:00,278.11426,41.75,-87.75
2020-01-02 06:00:00,278.05844,41.75,-87.75
2020-01-02 07:00:00,277.7185,41.75,-87.75
2020-01-02 08:00:00,277.6399,41.75,-87.75
2020-01-02 09:00:00,277.22174,41.75,-87.75
2020-01-02 10:00:00,277.06677,41.75,-87.75
2020-01-02 11:00:00,276.92865,41.75,-87.75
2020-01-02 12:00:00,276.94354,41.75,-87.75
2020-01-02 13:00:00,277.08203,41.75,-87.75
2020-01-02 14:00:00,276.9715,41.75,-87.75
2020-01-02 15:00:00,278.06293,41.75,-87.75
2020-01-02 16:00:00,278.91806,41.75,-87.75
2020-01-02 17:00:00,280.17563,41.75,-87.75
2020-01-02 18:00:00,280.84082,41.75,-87.75
2020-01-02 19:00:00,281.2884,41.75,-87.75
2020-01-02 20:00:00,281.61856,41.75,-87.75
2020-01-02 21:00:00,281.72418,41.75,-87.75
2020-01-02 22:00:00,280.90073,41.75,-87.75
2020-01-02 23:00:00,280.77094,41.75,-87.75
2020-01-03 00:00:00,280.0703,41.75,-87.75
2020-01-03 01:00:00,279.56592,41.75,-87.75
2020-01-03 02:00:00,279.48462,41.75,-87.75
2020-01-03 03:00:00,278.9512,41.75,-87.75
2020-01-03 04:00:00,278.67316,41.75,-87.75
2020-01-03 05:00:00,278.24152,41.75,-87.75
2020-01-03 06:00:00,277.71466,41.75,-87.75
2020-01-03 07:00:00,277.409,41.75,-87.75
2020-01-03 08:00:00,276.90536,41.75,-87.75
2020-01-03 09:00:00,275.9431,41.75,-87.75
2020-01-03 10:00:00,275.52545,41.75,-87.75
2020-01-03 11:00:00,275.24957,41.75,-87.75
2020-01-03 12:00:00,275.34402,41.75,-87.75
2020-01-03 13:00:00,275.45856,41.75,-87.75
2020-01-03 14:00:00,275.48996,41.75,-87.75
2020-01-03 15:00:00,275.32867,41.75,-87.75
2020-01-03 16:00:00,275.1582,41.75,-87.75
2020-01-03 17:00:00,274.99133,41.75,-87.75
2020-01-03 18:00:00,275.0124,41.75,-87.75
2020-01-03 19:00:00,274.85608,41.75,-87.75
2020-01-03 20:00:00,274.96402,41.75,-87.75
2020-01-03 21:00:00,274.7683,41.75,-87.75
2020-01-03 22:00:00,275.3634,41.75,-87.75
2020-01-03 23:00:00,275.30737,41.75,-87.75
2020-01-04 00:00:00,275.2589,41.75,-87.75
2020-01-04 01:00:00,275.25598,41.75,-87.75
2020-01-04 02:00:00,275.08936,41.75,-87.75
2020-01-04 03:00:00,274.68503,41.75,-87.75
2020-01-04 04:00:00,274.7295,41.75,-87.75
2020-01-04 05:00:00,274.68246,41.75,-87.75
2020-01-04 06:00:00,274.65494,41.75,-87.75
2020-01-04 07:00:00,274.50507,41.75,-87.75
2020-01-04 08:00:00,274.30173,41.75,-87.75
2020-01-04 09:00:00,274.04114,41.75,-87.75
2020-01-04 10:00:00,273.3322,41.75,-87.75
2020-01-04 11:00:00,273.2229,41.75,-87.75
2020-01-04 12:00:00,273.1289,41.75,-87.75
2020-01-04 13:00:00,273.14386,41.75,-87.75
2020-01-04 14:00:00,273.0921,41.75,-87.75
2020-01-04 15:00:00,273.3847,41.75,-87.75
2020-01-04 16:00:00,273.87073,41.75,-87.75
2020-01-04 17:00:00,273.98303,41.75,-87.75
2020-01-04 18:00:00,274.03516,41.75,-87.75
2020-01-04 19:00:00,274.14355,41.75,-87.75
2020-01-04 20:00:00,273.62738,41.75,-87.75
2020-01-04 21:00:00,273.28967,41.75,-87.75
2020-01-04 22:00:00,272.64825,41.75,-87.75
2020-01-04 23:00:00,272.16312,41.75,-87.75
2020-01-05 00:00:00,272.00543,41.75,-87.75
2020-01-05 01:00:00,271.95947,41.75,-87.75
2020-01-05 02:00:00,272.03085,41.75,-87.75
2020-01-05 03:00:00,271.83017,41.75,-87.75
2020-01-05 04:00:00,271.70294,41.75,-87.75
2020-01-05 05:00:00,271.30377,41.75,-87.75
2020-01-05 06:00:00,270.89734,41.75,-87.75
2020-01-05 07:00:00,270.29303,41.75,-87.75
2020-01-05 08:00:00,269.8836,41.75,-87.75
2020-01-05 09:00:00,269.54965,41.75,-87.75
2020-01-05 10:00:00,269.75244,41.75,-87.75
2020-01-05 11:00:00,269.82977,41.75,-87.75
2020-01-05 12:00:00,270.05475,41.75,-87.75
2020-01-05 13:00:00,270.2556,41.75,-87.75
2020-01-05 14:00:00,270.83386,41.75,-87.75
2020-01-05 15:00:00,272.28516,41.75,-87.75
2020-01-05 16:00:00,273.4461,41.75,-87.75
2020-01-05 17:00:00,274.58875,41.75,-87.75
2020-01-05 18:00:00,275.9845,41.75,-87.75
2020-01-05 19:00:00,277.13547,41.75,-87.75
2020-01-05 20:00:00,277.64993,41.75,-87.75
2020-01-05 21:00:00,278.42212,41.75,-87.75
2020-01-05 22:00:00,278.6689,41.75,-87.75
2020-01-05 23:00:00,278.2619,41.75,-87.75
2020-01-06 00:00:00,277.63495,41.75,-87.75
2020-01-06 01:00:00,276.9895,41.75,-87.75
2020-01-06 02:00:00,276.1183,41.75,-87.75
2020-01-06 03:00:00,275.11243,41.75,-87.75
2020-01-06 04:00:00,274.98315,41.75,-87.75
2020-01-06 05:00:00,274.6919,41.75,-87.75
2020-01-06 06:00:00,274.09253,41.75,-87.75
2020-01-06 07:00:00,273.60065,41.75,-87.75
2020-01-06 08:00:00,273.09253,41.75,-87.75
2020-01-06 09:00:00,272.25134,41.75,-87.75
2020-01-06 10:00:00,271.2404,41.75,-87.75
2020-01-06 11:00:00,271.1037,41.75,-87.75
2020-01-06 12:00:00,271.1197,41.75,-87.75
2020-01-06 13:00:00,270.86737,41.75,-87.75
2020-01-06 14:00:00,270.86304,41.75,-87.75
2020-01-06 15:00:00,272.49353,41.75,-87.75
2020-01-06 16:00:00,273.5543,41.75,-87.75
2020-01-06 17:00:00,274.98816,41.75,-87.75
2020-01-06 18:00:00,276.37204,41.75,-87.75
2020-01-06 19:00:00,277.08694,41.75,-87.75
2020-01-06 20:00:00,277.6826,41.75,-87.75
2020-01-06 21:00:00,277.68756,41.75,-87.75
2020-01-06 22:00:00,276.5216,41.75,-87.75
2020-01-06 23:00:00,276.12222,41.75,-87.75
2020-01-07 00:00:00,275.67365,41.75,-87.75
2020-01-07 01:00:00,275.07217,41.75,-87.75
2020-01-07 02:00:00,274.76465,41.75,-87.75
2020-01-07 03:00:00,274.14243,41.75,-87.75
2020-01-07 04:00:00,273.75464,41.75,-87.75
2020-01-07 05:00:00,273.27234,41.75,-87.75
2020-01-07 06:00:00,272.9865,41.75,-87.75
2020-01-07 07:00:00,272.6498,41.75,-87.75
2020-01-07 08:00:00,272.36792,41.75,-87.75
2020-01-07 09:00:00,271.9023,41.75,-87.75
2020-01-07 10:00:00,271.21237,41.75,-87.75
2020-01-07 11:00:00,271.34692,41.75,-87.75
2020-01-07 12:00:00,271.63016,41.75,-87.75
2020-01-07 13:00:00,271.66602,41.75,-87.75
2020-01-07 14:00:00,272.1416,41.75,-87.75
2020-01-07 15:00:00,273.78052,41.75,-87.75
2020-01-07 16:00:00,275.00482,41.75,-87.75
2020-01-07 17:00:00,276.35114,41.75,-87.75
2020-01-07 18:00:00,277.10287,41.75,-87.75
2020-01-07 19:00:00,277.43073,41.75,-87.75
2020-01-07 20:00:00,277.62634,41.75,-87.75
2020-01-07 21:00:00,277.46817,41.75,-87.75
2020-01-07 22:00:00,276.77576,41.75,-87.75
2020-01-07 23:00:00,276.33606,41.75,-87.75
2020-01-08 00:00:00,275.79556,41.75,-87.75
2020-01-08 01:00:00,275.30893,41.75,-87.75
2020-01-08 02:00:00,274.91785,41.75,-87.75
2020-01-08 03:00:00,273.87622,41.75,-87.75
2020-01-08 04:00:00,273.34637,41.75,-87.75
2020-01-08 05:00:00,273.00336,41.75,-87.75
2020-01-08 06:00:00,272.36584,41.75,-87.75
2020-01-08 07:00:00,272.02072,41.75,-87.75
2020-01-08 08:00:00,271.4237,41.75,-87.75
2020-01-08 09:00:00,269.98004,41.75,-87.75
2020-01-08 10:00:00,267.80334,41.75,-87.75
2020-01-08 11:00:00,267.2876,41.75,-87.75
2020-01-08 12:00:00,266.72845,41.75,-87.75
2020-01-08 13:00:00,265.9879,41.75,-87.75
2020-01-08 14:00:00,265.63235,41.75,-87.75
2020-01-08 15:00:00,266.00946,41.75,-87.75
2020-01-08 16:00:00,266.23007,41.75,-87.75
2020-01-08 17:00:00,266.6493,41.75,-87.75
2020-01-08 18:00:00,267.05426,41.75,-87.75
2020-01-08 19:00:00,267.32068,41.75,-87.75
2020-01-08 20:00:00,267.5437,41.75,-87.75
2020-01-08 21:00:00,267.71362,41.75,-87.75
2020-01-08 22:00:00,267.23843,41.75,-87.75
2020-01-08 23:00:00,267.2714,41.75,-87.75
2020-01-09 00:00:00,267.3078,41.75,-87.75
2020-01-09 01:00:00,267.6134,41.75,-87.75
2020-01-09 02:00:00,267.9962,41.75,-87.75
2020-01-09 03:00:00,268.35706,41.75,-87.75
2020-01-09 04:00:00,268.51923,41.75,-87.75
2020-01-09 05:00:00,268.47607,41.75,-87.75
2020-01-09 06:00:00,268.45935,41.75,-87.75
2020-01-09 07:00:00,268.84424,41.75,-87.75
2020-01-09 08:00:00,269.49194,41.75,-87.75
2020-01-09 09:00:00,270.4262,41.75,-87.75
2020-01-09 10:00:00,271.49084,41.75,-87.75
2020-01-09 11:00:00,272.05823,41.75,-87.75
2020-01-09 12:00:00,272.71674,41.75,-87.75
2020-01-09 13:00:00,273.72485,41.75,-87.75
2020-01-09 14:00:00,274.72308,41.75,-87.75
2020-01-09 15:00:00,276.94507,41.75,-87.75
2020-01-09 16:00:00,277.79883,41.75,-87.75
2020-01-09 17:00:00,279.07117,41.75,-87.75
2020-01-09 18:00:00,280.2284,41.75,-87.75
2020-01-09 19:00:00,280.93256,41.75,-87.75
2020-01-09 20:00:00,281.48138,41.75,-87.75
2020-01-09 21:00:00,282.1006,41.75,-87.75
2020-01-09 22:00:00,282.3651,41.75,-87.75
2020-01-09 23:00:00,282.12497,41.75,-87.75
2020-01-10 00:00:00,282.2329,41.75,-87.75
2020-01-10 01:00:00,282.4699,41.75,-87.75
2020-01-10 02:00:00,282.3109,41.75,-87.75
2020-01-10 03:00:00,282.10715,41.75,-87.75
2020-01-10 04:00:00,282.2473,41.75,-87.75
2020-01-10 05:00:00,282.47034,41.75,-87.75
2020-01-10 06:00:00,282.563,41.75,-87.75
2020-01-10 07:00:00,282.73816,41.75,-87.75
2020-01-10 08:00:00,283.0285,41.75,-87.75
2020-01-10 09:00:00,282.25793,41.75,-87.75
2020-01-10 10:00:00,281.5302,41.75,-87.75
2020-01-10 11:00:00,281.53284,41.75,-87.75
2020-01-10 12:00:00,281.60336,41.75,-87.75
2020-01-10 13:00:00,281.72586,41.75,-87.75
2020-01-10 14:00:00,281.68738,41.75,-87.75
2020-01-10 15:00:00,281.56656,41.75,-87.75
2020-01-10 16:00:00,281.56055,41.75,-87.75
2020-01-10 17:00:00,280.05878,41.75,-87.75
2020-01-10 18:00:00,278.64575,41.75,-87.75
2020-01-10 19:00:00,277.36578,41.75,-87.75
2020-01-10 20:00:00,276.9626,41.75,-87.75
2020-01-10 21:00:00,276.65363,41.75,-87.75
2020-01-10 22:00:00,276.925,41.75,-87.75
2020-01-10 23:00:00,276.69617,41.75,-87.75
2020-01-11 00:00:00,276.70813,41.75,-87.75
2020-01-11 01:00:00,276.72012,41.75,-87.75
2020-01-11 02:00:00,276.61682,41.75,-87.75
2020-01-11 03:00:00,276.22604,41.75,-87.75
2020-01-11 04:00:00,276.2349,41.75,-87.75
2020-01-11 05:00:00,276.2781,41.75,-87.75
2020-01-11 06:00:00,275.9804,41.75,-87.75
2020-01-11 07:00:00,275.41278,41.75,-87.75
2020-01-11 08:00:00,276.04062,41.75,-87.75
2020-01-11 09:00:00,276.16568,41.75,-87.75
2020-01-11 10:00:00,275.3639,41.75,-87.75
2020-01-11 11:00:00,275.206,41.75,-87.75
2020-01-11 12:00:00,274.63815,41.75,-87.75
2020-01-11 13:00:00,274.3356,41.75,-87.75
2020-01-11 14:00:00,274.57324,41.75,-87.75
2020-01-11 15:00:00,274.37732,41.75,-87.75
2020-01-11 16:00:00,274.43967,41.75,-87.75
2020-01-11 17:00:00,274.46118,41.75,-87.75
2020-01-11 18:00:00,274.25864,41.75,-87.75
2020-01-11 19:00:00,274.19623,41.75,-87.75
2020-01-11 20:00:00,273.6749,41.75,-87.75
2020-01-11 21:00:00,273.32095,41.75,-87.75
2020-01-11 22:00:00,273.2539,41.75,-87.75
2020-01-11 23:00:00,273.15094,41.75,-87.75
2020-01-12 00:00:00,272.74524,41.75,-87.75
2020-01-12 01:00:00,272.6197,41.75,-87.75
2020-01-12 02:00:00,272.51416,41.75,-87.75
2020-01-12 03:00:00,272.29913,41.75,-87.75
2020-01-12 04:00:00,272.30234,41.75,-87.75
2020-01-12 05:00:00,272.0442,41.75,-87.75
2020-01-12 06:00:00,271.82483,41.75,-87.75
2020-01-12 07:00:00,271.55768,41.75,-87.75
2020-01-12 08:00:00,271.29718,41.75,-87.75
2020-01-12 09:00:00,271.2432,41.75,-87.75
2020-01-12 10:00:00,270.7425,41.75,-87.75
2020-01-12 11:00:00,270.44968,41.75,-87.75
2020-01-12 12:00:00,270.06555,41.75,-87.75
2020-01-12 13:00:00,269.33926,41.75,-87.75
2020-01-12 14:00:00,269.4358,41.75,-87.75
2020-01-12 15:00:00,270.51288,41.75,-87.75
2020-01-12 16:00:00,270.87,41.75,-87.75
2020-01-12 17:00:00,271.27426,41.75,-87.75
2020-01-12 18:00:00,271.72095,41.75,-87.75
2020-01-12 19:00:00,271.9734,41.75,-87.75
2020-01-12 20:00:00,272.63235,41.75,-87.75
2020-01-12 21:00:00,272.79495,41.75,-87.75
2020-01-12 22:00:00,272.86633,41.75,-87.75
2020-01-12 23:00:00,272.8211,41.75,-87.75
2020-01-13 00:00:00,272.79364,41.75,-87.75
2020-01-13 01:00:00,272.8786,41.75,-87.75
2020-01-13 02:00:00,272.99844,41.75,-87.75
2020-01-13 03:00:00,273.018,41.75,-87.75
2020-01-13 04:00:00,273.13348,41.75,-87.75
2020-01-13 05:00:00,273.29175,41.75,-87.75
2020-01-13 06:00:00,273.39224,41.75,-87.75
2020-01-13 07:00:00,273.6095,41.75,-87.75
2020-01-13 08:00:00,273.48087,41.75,-87.75
2020-01-13 09:00:00,273.51288,41.75,-87.75
2020-01-13 10:00:00,273.5138,41.75,-87.75
2020-01-13 11:00:00,273.5647,41.75,-87.75
2020-01-13 12:00:00,273.48236,41.75,-87.75
2020-01-13 13:00:00,273.30518,41.75,-87.75
2020-01-13 14:00:00,273.14172,41.75,-87.75
2020-01-13 15:00:00,273.1397,41.75,-87.75
2020-01-13 16:00:00,273.62344,41.75,-87.75
2020-01-13 17:00:00,273.64163,41.75,-87.75
2020-01-13 18:00:00,273.786,41.75,-87.75
2020-01-13 19:00:00,273.80957,41.75,-87.75
2020-01-13 20:00:00,273.79666,41.75,-87.75
2020-01-13 21:00:00,273.91522,41.75,-87.75
2020-01-13 22:00:00,273.93912,41.75,-87.75
2020-01-13 23:00:00,273.25433,41.75,-87.75
2020-01-14 00:00:00,273.63354,41.75,-87.75
2020-01-14 01:00:00,273.93103,41.75,-87.75
2020-01-14 02:00:00,273.89987,41.75,-87.75
2020-01-14 03:00:00,273.69418,41.75,-87.75
2020-01-14 04:00:00,273.64105,41.75,-87.75
2020-01-14 05:00:00,273.7789,41.75,-87.75
2020-01-14 06:00:00,274.11703,41.75,-87.75
2020-01-14 07:00:00,274.29016,41.75,-87.75
2020-01-14 08:00:00,274.3117,41.75,-87.75
2020-01-14 09:00:00,273.67578,41.75,-87.75
2020-01-14 10:00:00,273.76147,41.75,-87.75
2020-01-14 11:00:00,274.06543,41.75,-87.75
2020-01-14 12:00:00,274.54663,41.75,-87.75
2020-01-14 13:00:00,274.58405,41.75,-87.75
2020-01-14 14:00:00,274.8035,41.75,-87.75
2020-01-14 15:00:00,275.33383,41.75,-87.75
2020-01-14 16:00:00,275.90912,41.75,-87.75
2020-01-14 17:00:00,276.35364,41.75,-87.75
2020-01-14 18:00:00,276.89288,41.75,-87.75
2020-01-14 19:00:00,277.35162,41.75,-87.75
2020-01-14 20:00:00,278.01788,41.75,-87.75
2020-01-14 21:00:00,278.23566,41.75,-87.75
2020-01-14 22:00:00,276.97827,41.75,-87.75
2020-01-14 23:00:00,276.35483,41.75,-87.75
2020-01-15 00:00:00,275.68835,41.75,-87.75
2020-01-15 01:00:00,274.83636,41.75,-87.75
2020-01-15 02:00:00,273.865,41.75,-87.75
2020-01-15 03:00:00,272.33197,41.75,-87.75
2020-01-15 04:00:00,272.0827,41.75,-87.75
2020-01-15 05:00:00,272.02985,41.75,-87.75
2020-01-15 06:00:00,271.86017,41.75,-87.75
2020-01-15 07:00:00,271.4901,41.75,-87.75
2020-01-15 08:00:00,272.26727,41.75,-87.75
2020-01-15 09:00:00,272.63635,41.75,-87.75
2020-01-15 10:00:00,272.15567,41.75,-87.75
2020-01-15 11:00:00,272.5788,41.75,-87.75
2020-01-15 12:00:00,272.8078,41.75,-87.75
2020-01-15 13:00:00,272.81705,41.75,-87.75
2020-01-15 14:00:00,273.03192,41.75,-87.75
2020-01-15 15:00:00,273.58252,41.75,-87.75
2020-01-15 16:00:00,273.62567,41.75,-87.75
2020-01-15 17:00:00,273.91388,41.75,-87.75
2020-01-15 18:00:00,274.36688,41.75,-87.75
2020-01-15 19:00:00,274.51553,41.75,-87.75
2020-01-15 20:00:00,274.7755,41.75,-87.75
2020-01-15 21:00:00,274.80386,41.75,-87.75
2020-01-15 22:00:00,274.79675,41.75,-87.75
2020-01-15 23:00:00,274.89398,41.75,-87.75
2020-01-16 00:00:00,274.9848,41.75,-87.75
2020-01-16 01:00:00,274.99017,41.75,-87.75
2020-01-16 02:00:00,274.73218,41.75,-87.75
2020-01-16 03:00:00,273.99292,41.75,-87.75
2020-01-16 04:00:00,273.43317,41.75,-87.75
2020-01-16 05:00:00,272.95123,41.75,-87.75
2020-01-16 06:00:00,272.38702,41.75,-87.75
2020-01-16 07:00:00,271.85202,41.75,-87.75
2020-01-16 08:00:00,271.127,41.75,-87.75
2020-01-16 09:00:00,270.203,41.75,-87.75
2020-01-16 10:00:00,268.69598,41.75,-87.75
2020-01-16 11:00:00,268.24115,41.75,-87.75
2020-01-16 12:00:00,267.58545,41.75,-87.75
2020-01-16 13:00:00,266.8042,41.75,-87.75
2020-01-16 14:00:00,266.25732,41.75,-87.75
2020-01-16 15:00:00,266.26584,41.75,-87.75
2020-01-16 16:00:00,266.68103,41.75,-87.75
2020-01-16 17:00:00,267.34906,41.75,-87.75
2020-01-16 18:00:00,267.9567,41.75,-87.75
2020-01-16 19:00:00,268.3603,41.75,-87.75
2020-01-16 20:00:00,268.5517,41.75,-87.75
2020-01-16 21:00:00,268.8454,41.75,-87.75
2020-01-16 22:00:00,268.13455,41.75,-87.75
2020-01-16 23:00:00,267.57727,41.75,-87.75
2020-01-17 00:00:00,267.23462,41.75,-87.75
2020-01-17 01:00:00,266.78235,41.75,-87.75
2020-01-17 02:00:00,266.5141,41.75,-87.75
2020-01-17 03:00:00,266.09848,41.75,-87.75
2020-01-17 04:00:00,266.05807,41.75,-87.75
2020-01-17 05:00:00,266.07983,41.75,-87.75
2020-01-17 06:00:00,266.27628,41.75,-87.75
2020-01-17 07:00:00,266.63803,41.75,-87.75
2020-01-17 08:00:00,266.77606,41.75,-87.75
2020-01-17 09:00:00,266.78088,41.75,-87.75
2020-01-17 10:00:00,267.1396,41.75,-87.75
2020-01-17 11:00:00,267.4505,41.75,-87.75
2020-01-17 12:00:00,267.6978,41.75,-87.75
2020-01-17 13:00:00,267.61804,41.75,-87.75
2020-01-17 14:00:00,267.52563,41.75,-87.75
2020-01-17 15:00:00,268.5066,41.75,-87.75
2020-01-17 16:00:00,269.10938,41.75,-87.75
2020-01-17 17:00:00,269.81354,41.75,-87.75
2020-01-17 18:00:00,270.37955,41.75,-87.75
2020-01-17 19:00:00,270.6123,41.75,-87.75
2020-01-17 20:00:00,271.02374,41.75,-87.75
2020-01-17 21:00:00,271.3421,41.75,-87.75
2020-01-17 22:00:00,270.75183,41.75,-87.75
2020-01-17 23:00:00,270.46478,41.75,-87.75
2020-01-18 00:00:00,270.2143,41.75,-87.75
2020-01-18 01:00:00,270.34866,41.75,-87.75
2020-01-18 02:00:00,270.60196,41.75,-87.75
2020-01-18 03:00:00,271.0241,41.75,-87.75
2020-01-18 04:00:00,271.21823,41.75,-87.75
2020-01-18 05:00:00,271.60242,41.75,-87.75
2020-01-18 06:00:00,272.06396,41.75,-87.75
2020-01-18 07:00:00,272.50458,41.75,-87.75
2020-01-18 08:00:00,272.8651,41.75,-87.75
2020-01-18 09:00:00,273.26175,41.75,-87.75
2020-01-18 10:00:00,273.78662,41.75,-87.75
2020-01-18 11:00:00,274.01526,41.75,-87.75
2020-01-18 12:00:00,274.48407,41.75,-87.75
2020-01-18 13:00:00,274.78873,41.75,-87.75
2020-01-18 14:00:00,275.22925,41.75,-87.75
2020-01-18 15:00:00,275.59375,41.75,-87.75
2020-01-18 16:00:00,275.48627,41.75,-87.75
2020-01-18 17:00:00,274.80444,41.75,-87.75
2020-01-18 18:00:00,274.576,41.75,-87.75
2020-01-18 19:00:00,274.58902,41.75,-87.75
2020-01-18 20:00:00,273.8335,41.75,-87.75
2020-01-18 21:00:00,271.42993,41.75,-87.75
2020-01-18 22:00:00,268.2288,41.75,-87.75
2020-01-18 23:00:00,266.1275,41.75,-87.75
2020-01-19 00:00:00,264.90427,41.75,-87.75
2020-01-19 01:00:00,264.0638,41.75,-87.75
2020-01-19 02:00:00,263.23083,41.75,-87.75
2020-01-19 03:00:00,261.7727,41.75,-87.75
2020-01-19 04:00:00,261.22614,41.75,-87.75
2020-01-19 05:00:00,260.79474,41.75,-87.75
2020-01-19 06:00:00,260.02734,41.75,-87.75
2020-01-19 07:00:00,259.42688,41.75,-87.75
2020-01-19 08:00:00,258.97437,41.75,-87.75
2020-01-19 09:00:00,258.40448,41.75,-87.75
2020-01-19 10:00:00,257.13184,41.75,-87.75
2020-01-19 11:00:00,257.11536,41.75,-87.75
2020-01-19 12:00:00,257.2303,41.75,-87.75
2020-01-19 13:00:00,257.47784,41.75,-87.75
2020-01-19 14:00:00,257.65198,41.75,-87.75
2020-01-19 15:00:00,259.09277,41.75,-87.75
2020-01-19 16:00:00,260.1529,41.75,-87.75
2020-01-19 17:00:00,261.82416,41.75,-87.75
2020-01-19 18:00:00,263.24664,41.75,-87.75
2020-01-19 19:00:00,264.3258,41.75,-87.75
2020-01-19 20:00:00,265.16425,41.75,-87.75
2020-01-19 21:00:00,266.21606,41.75,-87.75
2020-01-19 22:00:00,265.93677,41.75,-87.75
2020-01-19 23:00:00,265.8893,41.75,-87.75
2020-01-20 00:00:00,265.87427,41.75,-87.75
2020-01-20 01:00:00,266.03223,41.75,-87.75
2020-01-20 02:00:00,266.13458,41.75,-87.75
2020-01-20 03:00:00,266.21777,41.75,-87.75
2020-01-20 04:00:00,266.40018,41.75,-87.75
2020-01-20 05:00:00,266.1232,41.75,-87.75
2020-01-20 06:00:00,266.06772,41.75,-87.75
2020-01-20 07:00:00,266.3918,41.75,-87.75
2020-01-20 08:00:00,266.5818,41.75,-87.75
2020-01-20 09:00:00,266.69708,41.75,-87.75
2020-01-20 10:00:00,267.28894,41.75,-87.75
2020-01-20 11:00:00,267.58844,41.75,-87.75
2020-01-20 12:00:00,267.94272,41.75,-87.75
2020-01-20 13:00:00,268.04364,41.75,-87.75
2020-01-20 14:00:00,268.39316,41.75,-87.75
2020-01-20 15:00:00,268.9901,41.75,-87.75
2020-01-20 16:00:00,269.905,41.75,-87.75
2020-01-20 17:00:00,270.53595,41.75,-87.75
2020-01-20 18:00:00,271.3047,41.75,-87.75
2020-01-20 19:00:00,271.5455,41.75,-87.75
2020-01-20 20:00:00,271.91727,41.75,-87.75
2020-01-20 21:00:00,272.09143,41.75,-87.75
2020-01-20 22:00:00,271.54187,41.75,-87.75
2020-01-20 23:00:00,270.94867,41.75,-87.75
2020-01-21 00:00:00,270.6526,41.75,-87.75
2020-01-21 01:00:00,269.89667,41.75,-87.75
2020-01-21 02:00:00,269.52185,41.75,-87.75
2020-01-21 03:00:00,268.53333,41.75,-87.75
2020-01-21 04:00:00,268.20306,41.75,-87.75
2020-01-21 05:00:00,267.88516,41.75,-87.75
2020-01-21 06:00:00,267.7518,41.75,-87.75
2020-01-21 07:00:00,267.51425,41.75,-87.75
2020-01-21 08:00:00,267.37628,41.75,-87.75
2020-01-21 09:00:00,266.96967,41.75,-87.75
2020-01-21 10:00:00,266.29022,41.75,-87.75
2020-01-21 11:00:00,266.13647,41.75,-87.75
2020-01-21 12:00:00,265.66986,41.75,-87.75
2020-01-21 13:00:00,265.101,41.75,-87.75
2020-01-21 14:00:00,265.52966,41.75,-87.75
2020-01-21 15:00:00,267.4677,41.75,-87.75
2020-01-21 16:00:00,269.0041,41.75,-87.75
2020-01-21 17:00:00,270.37598,41.75,-87.75
2020-01-21 18:00:00,271.49634,41.75,-87.75
2020-01-21 19:00:00,272.00458,41.75,-87.75
2020-01-21 20:00:00,272.38934,41.75,-87.75
2020-01-21 21:00:00,272.4773,41.75,-87.75
2020-01-21 22:00:00,271.94696,41.75,-87.75
2020-01-21 23:00:00,271.11716,41.75,-87.75
2020-01-22 00:00:00,270.4933,41.75,-87.75
2020-01-22 01:00:00,270.1388,41.75,-87.75
2020-01-22 02:00:00,269.9013,41.75,-87.75
2020-01-22 03:00:00,269.70114,41.75,-87.75
2020-01-22 04:00:00,269.6037,41.75,-87.75
2020-01-22 05:00:00,269.34442,41.75,-87.75
2020-01-22 06:00:00,269.14993,41.75,-87.75
2020-01-22 07:00:00,269.09045,41.75,-87.75
2020-01-22 08:00:00,269.03418,41.75,-87.75
2020-01-22 09:00:00,268.95996,41.75,-87.75
2020-01-22 10:00:00,268.87476,41.75,-87.75
2020-01-22 11:00:00,268.83643,41.75,-87.75
2020-01-22 12:00:00,268.8225,41.75,-87.75
2020-01-22 13:00:00,268.86844,41.75,-87.75
2020-01-22 14:00:00,269.28137,41.75,-87.75
2020-01-22 15:00:00,270.2103,41.75,-87.75
2020-01-22 16:00:00,270.9664,41.75,-87.75
2020-01-22 17:00:00,271.9024,41.75,-87.75
2020-01-22 18:00:00,272.6643,41.75,-87.75
2020-01-22 19:00:00,273.42572,41.75,-87.75
2020-01-22 20:00:00,274.1762,41.75,-87.75
2020-01-22 21:00:00,274.56967,41.75,-87.75
2020-01-22 22:00:00,274.35294,41.75,-87.75
2020-01-22 23:00:00,274.16412,41.75,-87.75
2020-01-23 00:00:00,273.77945,41.75,-87.75
2020-01-23 01:00:00,273.51508,41.75,-87.75
2020-01-23 02:00:00,273.3957,41.75,-87.75
2020-01-23 03:00:00,273.29877,41.75,-87.75
2020-01-23 04:00:00,273.33502,41.75,-87.75
2020-01-23 05:00:00,273.35028,41.75,-87.75
2020-01-23 06:00:00,273.22137,41.75,-87.75
2020-01-23 07:00:00,273.33813,41.75,-87.75
2020-01-23 08:00:00,273.1546,41.75,-87.75
2020-01-23 09:00:00,272.89798,41.75,-87.75
2020-01-23 10:00:00,272.98926,41.75,-87.75
2020-01-23 11:00:00,272.8954,41.75,-87.75
2020-01-23 12:00:00,272.92206,41.75,-87.75
2020-01-23 13:00:00,272.8957,41.75,-87.75
2020-01-23 14:00:00,272.86337,41.75,-87.75
2020-01-23 15:00:00,273.1386,41.75,-87.75
2020-01-23 16:00:00,273.45343,41.75,-87.75
2020-01-23 17:00:00,273.69025,41.75,-87.75
2020-01-23 18:00:00,274.32605,41.75,-87.75
2020-01-23 19:00:00,274.74847,41.75,-87.75
2020-01-23 20:00:00,274.9301,41.75,-87.75
2020-01-23 21:00:00,275.11475,41.75,-87.75
2020-01-23 22:00:00,274.31332,41.75,-87.75
2020-01-23 23:00:00,274.3917,41.75,-87.75
2020-01-24 00:00:00,274.50665,41.75,-87.75
2020-01-24 01:00:00,274.43387,41.75,-87.75
2020-01-24 02:00:00,274.51624,41.75,-87.75
2020-01-24 03:00:00,274.50018,41.75,-87.75
2020-01-24 04:00:00,274.4337,41.75,-87.75
2020-01-24 05:00:00,274.3145,41.75,-87.75
2020-01-24 06:00:00,274.2122,41.75,-87.75
2020-01-24 07:00:00,274.22638,41.75,-87.75
2020-01-24 08:00:00,274.3639,41.75,-87.75
2020-01-24 09:00:00,274.3722,41.75,-87.75
2020-01-24 10:00:00,275.01282,41.75,-87.75
2020-01-24 11:00:00,275.148,41.75,-87.75
2020-01-24 12:00:00,275.22583,41.75,-87.75
2020-01-24 13:00:00,275.25104,41.75,-87.75
2020-01-24 14:00:00,275.4074,41.75,-87.75
2020-01-24 15:00:00,275.8164,41.75,-87.75
2020-01-24 16:00:00,276.08487,41.75,-87.75
2020-01-24 17:00:00,276.54346,41.75,-87.75
2020-01-24 18:00:00,276.47156,41.75,-87.75
2020-01-24 19:00:00,276.76288,41.75,-87.75
2020-01-24 20:00:00,276.6883,41.75,-87.75
2020-01-24 21:00:00,276.31247,41.75,-87.75
2020-01-24 22:00:00,276.00125,41.75,-87.75
2020-01-24 23:00:00,276.23975,41.75,-87.75
2020-01-25 00:00:00,275.61847,41.75,-87.75
2020-01-25 01:00:00,275.62164,41.75,-87.75
2020-01-25 02:00:00,275.46283,41.75,-87.75
2020-01-25 03:00:00,275.1781,41.75,-87.75
2020-01-25 04:00:00,274.77365,41.75,-87.75
2020-01-25 05:00:00,274.30487,41.75,-87.75
2020-01-25 06:00:00,273.98062,41.75,-87.75
2020-01-25 07:00:00,273.74915,41.75,-87.75
2020-01-25 08:00:00,273.69238,41.75,-87.75
2020-01-25 09:00:00,273.64374,41.75,-87.75
2020-01-25 10:00:00,273.99225,41.75,-87.75
2020-01-25 11:00:00,274.04846,41.75,-87.75
2020-01-25 12:00:00,274.06055,41.75,-87.75
2020-01-25 13:00:00,274.09473,41.75,-87.75
2020-01-25 14:00:00,274.23065,41.75,-87.75
2020-01-25 15:00:00,274.4357,41.75,-87.75
2020-01-25 16:00:00,274.58832,41.75,-87.75
2020-01-25 17:00:00,274.57715,41.75,-87.75
2020-01-25 18:00:00,274.60712,41.75,-87.75
2020-01-25 19:00:00,274.45145,41.75,-87.75
2020-01-25 20:00:00,274.52917,41.75,-87.75
2020-01-25 21:00:00,274.47797,41.75,-87.75
2020-01-25 22:00:00,274.09024,41.75,-87.75
2020-01-25 23:00:00,274.0851,41.75,-87.75
2020-01-26 00:00:00,274.10376,41.75,-87.75
2020-01-26 01:00:00,274.15857,41.75,-87.75
2020-01-26 02:00:00,274.16937,41.75,-87.75
2020-01-26 03:00:00,274.1038,41.75,-87.75
2020-01-26 04:00:00,274.10022,41.75,-87.75
2020-01-26 05:00:00,274.07245,41.75,-87.75
2020-01-26 06:00:00,274.03888,41.75,-87.75
2020-01-26 07:00:00,273.98328,41.75,-87.75
2020-01-26 08:00:00,273.81555,41.75,-87.75
2020-01-26 09:00:00,273.57996,41.75,-87.75
2020-01-26 10:00:00,273.23022,41.75,-87.75
2020-01-26 11:00:00,273.1379,41.75,-87.75
2020-01-26 12:00:00,273.05438,41.75,-87.75
2020-01-26 13:00:00,272.9445,41.75,-87.75
2020-01-26 14:00:00,272.84555,41.75,-87.75
2020-01-26 15:00:00,272.90155,41.75,-87.75
2020-01-26 16:00:00,273.1375,41.75,-87.75
2020-01-26 17:00:00,273.36047,41.75,-87.75
2020-01-26 18:00:00,273.38895,41.75,-87.75
2020-01-26 19:00:00,273.26593,41.75,-87.75
2020-01-26 20:00:00,273.1133,41.75,-87.75
2020-01-26 21:00:00,272.80896,41.75,-87.75
2020-01-26 22:00:00,272.80972,41.75,-87.75
2020-01-26 23:00:00,272.50287,41.75,-87.75
2020-01-27 00:00:00,272.26526,41.75,-87.75
2020-01-27 01:00:00,272.04898,41.75,-87.75
2020-01-27 02:00:00,271.89792,41.75,-87.75
2020-01-27 03:00:00,271.58875,41.75,-87.75
2020-01-27 04:00:00,271.52698,41.75,-87.75
2020-01-27 05:00:00,271.53528,41.75,-87.75
2020-01-27 06:00:00,271.74628,41.75,-87.75
2020-01-27 07:00:00,271.5658,41.75,-87.75
2020-01-27 08:00:00,271.6682,41.75,-87.75
2020-01-27 09:00:00,271.77057,41.75,-87.75
2020-01-27 10:00:00,271.97525,41.75,-87.75
2020-01-27 11:00:00,272.08118,41.75,-87.75
2020-01-27 12:00:00,272.29282,41.75,-87.75
2020-01-27 13:00:00,272.22974,41.75,-87.75
2020-01-27 14:00:00,272.41302,41.75,-87.75
2020-01-27 15:00:00,272.82343,41.75,-87.75
2020-01-27 16:00:00,273.30206,41.75,-87.75
2020-01-27 17:00:00,273.94882,41.75,-87.75
2020-01-27 18:00:00,274.302,41.75,-87.75
2020-01-27 19:00:00,274.71606,41.75,-87.75
2020-01-27 20:00:00,274.8681,41.75,-87.75
2020-01-27 21:00:00,274.89706,41.75,-87.75
2020-01-27 22:00:00,274.4503,41.75,-87.75
2020-01-27 23:00:00,274.10706,41.75,-87.75
2020-01-28 00:00:00,273.9837,41.75,-87.75
2020-01-28 01:00:00,273.90182,41.75,-87.75
2020-01-28 02:00:00,273.7593,41.75,-87.75
2020-01-28 03:00:00,273.67392,41.75,-87.75
2020-01-28 04:00:00,273.62524,41.75,-87.75
2020-01-28 05:00:00,273.54858,41.75,-87.75
2020-01-28 06:00:00,273.32446,41.75,-87.75
2020-01-28 07:00:00,273.3625,41.75,-87.75
2020-01-28 08:00:00,273.3203,41.75,-87.75
2020-01-28 09:00:00,273.33136,41.75,-87.75
2020-01-28 10:00:00,273.1175,41.75,-87.75
2020-01-28 11:00:00,273.01367,41.75,-87.75
2020-01-28 12:00:00,273.10568,41.75,-87.75
2020-01-28 13:00:00,272.89868,41.75,-87.75
2020-01-28 14:00:00,272.94122,41.75,-87.75
2020-01-28 15:00:00,272.94324,41.75,-87.75
2020-01-28 16:00:00,273.1936,41.75,-87.75
2020-01-28 17:00:00,273.62036,41.75,-87.75
2020-01-28 18:00:00,273.58075,41.75,-87.75
2020-01-28 19:00:00,273.69342,41.75,-87.75
2020-01-28 20:00:00,273.5217,41.75,-87.75
2020-01-28 21:00:00,273.23886,41.75,-87.75
2020-01-28 22:00:00,273.07257,41.75,-87.75
2020-01-28 23:00:00,272.71143,41.75,-87.75
2020-01-29 00:00:00,272.69247,41.75,-87.75
2020-01-29 01:00:00,272.63635,41.75,-87.75
2020-01-29 02:00:00,272.39917,41.75,-87.75
2020-01-29 03:00:00,272.84177,41.75,-87.75
2020-01-29 04:00:00,272.77463,41.75,-87.75
2020-01-29 05:00:00,272.68054,41.75,-87.75
2020-01-29 06:00:00,272.84863,41.75,-87.75
2020-01-29 07:00:00,272.20544,41.75,-87.75
2020-01-29 08:00:00,272.56775,41.75,-87.75
2020-01-29 09:00:00,272.7461,41.75,-87.75
2020-01-29 10:00:00,272.63364,41.75,-87.75
2020-01-29 11:00:00,272.40945,41.75,-87.75
2020-01-29 12:00:00,272.57568,41.75,-87.75
2020-01-29 13:00:00,272.41876,41.75,-87.75
2020-01-29 14:00:00,272.79364,41.75,-87.75
2020-01-29 15:00:00,273.24182,41.75,-87.75
2020-01-29 16:00:00,273.27185,41.75,-87.75
2020-01-29 17:00:00,273.4052,41.75,-87.75
2020-01-29 18:00:00,273.35895,41.75,-87.75
2020-01-29 19:00:00,273.4452,41.75,-87.75
2020-01-29 20:00:00,273.39514,41.75,-87.75
2020-01-29 21:00:00,273.35876,41.75,-87.75
2020-01-29 22:00:00,273.6413,41.75,-87.75
2020-01-29 23:00:00,273.32977,41.75,-87.75
2020-01-30 00:00:00,273.41675,41.75,-87.75
2020-01-30 01:00:00,273.4444,41.75,-87.75
2020-01-30 02:00:00,273.3894,41.75,-87.75
2020-01-30 03:00:00,273.2936,41.75,-87.75
2020-01-30 04:00:00,273.406,41.75,-87.75
2020-01-30 05:00:00,273.13,41.75,-87.75
2020-01-30 06:00:00,273.15985,41.75,-87.75
2020-01-30 07:00:00,273.82086,41.75,-87.75
2020-01-30 08:00:00,273.847,41.75,-87.75
2020-01-30 09:00:00,273.17957,41.75,-87.75
2020-01-30 10:00:00,273.5285,41.75,-87.75
2020-01-30 11:00:00,273.50574,41.75,-87.75
2020-01-30 12:00:00,273.53265,41.75,-87.75
2020-01-30 13:00:00,273.40533,41.75,-87.75
2020-01-30 14:00:00,273.11517,41.75,-87.75
2020-01-30 15:00:00,273.85535,41.75,-87.75
2020-01-30 16:00:00,274.02692,41.75,-87.75
2020-01-30 17:00:00,274.26624,41.75,-87.75
2020-01-30 18:00:00,274.55463,41.75,-87.75
2020-01-30 19:00:00,274.4384,41.75,-87.75
2020-01-30 20:00:00,274.40897,41.75,-87.75
2020-01-30 21:00:00,274.33255,41.75,-87.75
2020-01-30 22:00:00,274.18356,41.75,-87.75
2020-01-30 23:00:00,273.7364,41.75,-87.75
2020-01-31 00:00:00,273.54462,41.75,-87.75
2020-01-31 01:00:00,273.63684,41.75,-87.75
2020-01-31 02:00:00,273.62848,41.75,-87.75
2020-01-31 03:00:00,273.76727,41.75,-87.75
2020-01-31 04:00:00,273.9159,41.75,-87.75
2020-01-31 05:00:00,273.93756,41.75,-87.75
2020-01-31 06:00:00,273.8208,41.75,-87.75
2020-01-31 07:00:00,273.6972,41.75,-87.75
2020-01-31 08:00:00,273.58752,41.75,-87.75
2020-01-31 09:00:00,273.1436,41.75,-87.75
2020-01-31 10:00:00,272.9577,41.75,-87.75
2020-01-31 11:00:00,272.95135,41.75,-87.75
2020-01-31 12:00:00,273.06232,41.75,-87.75
2020-01-31 13:00:00,273.236,41.75,-87.75
2020-01-31 14:00:00,273.29276,41.75,-87.75
2020-01-31 15:00:00,273.8609,41.75,-87.75
2020-01-31 16:00:00,274.36032,41.75,-87.75
2020-01-31 17:00:00,275.00226,41.75,-87.75
2020-01-31 18:00:00,275.6765,41.75,-87.75
2020-01-31 19:00:00,275.7141,41.75,-87.75
2020-01-31 20:00:00,276.10474,41.75,-87.75
2020-01-31 21:00:00,276.3106,41.75,-87.75
2020-01-31 22:00:00,276.0811,41.75,-87.75
2020-01-31 23:00:00,275.2594,41.75,-87.75
2020-02-01 00:00:00,275.08875,41.75,-87.75
2020-02-01 01:00:00,275.16483,41.75,-87.75
2020-02-01 02:00:00,275.1383,41.75,-87.75
2020-02-01 03:00:00,275.12933,41.75,-87.75
2020-02-01 04:00:00,274.95282,41.75,-87.75
2020-02-01 05:00:00,274.81042,41.75,-87.75
2020-02-01 06:00:00,274.6329,41.75,-87.75
2020-02-01 07:00:00,274.43158,41.75,-87.75
2020-02-01 08:00:00,274.1776,41.75,-87.75
2020-02-01 09:00:00,274.0147,41.75,-87.75
2020-02-01 10:00:00,273.7473,41.75,-87.75
2020-02-01 11:00:00,274.00198,41.75,-87.75
2020-02-01 12:00:00,274.3195,41.75,-87.75
2020-02-01 13:00:00,274.5043,41.75,-87.75
2020-02-01 14:00:00,274.66547,41.75,-87.75
2020-02-01 15:00:00,275.24976,41.75,-87.75
2020-02-01 16:00:00,275.55466,41.75,-87.75
2020-02-01 17:00:00,275.87405,41.75,-87.75
2020-02-01 18:00:00,275.95248,41.75,-87.75
2020-02-01 19:00:00,275.59418,41.75,-87.75
2020-02-01 20:00:00,275.29224,41.75,-87.75
2020-02-01 21:00:00,275.20154,41.75,-87.75
2020-02-01 22:00:00,274.97717,41.75,-87.75
2020-02-01 23:00:00,275.0528,41.75,-87.75
2020-02-02 00:00:00,274.78955,41.75,-87.75
2020-02-02 01:00:00,274.82715,41.75,-87.75
2020-02-02 02:00:00,274.68277,41.75,-87.75
2020-02-02 03:00:00,274.87274,41.75,-87.75
2020-02-02 04:00:00,275.047,41.75,-87.75
2020-02-02 05:00:00,275.0794,41.75,-87.75
2020-02-02 06:00:00,275.2473,41.75,-87.75
2020-02-02 07:00:00,275.37463,41.75,-87.75
2020-02-02 08:00:00,275.34647,41.75,-87.75
2020-02-02 09:00:00,275.52563,41.75,-87.75
2020-02-02 10:00:00,276.53525,41.75,-87.75
2020-02-02 11:00:00,276.83176,41.75,-87.75
2020-02-02 12:00:00,277.2492,41.75,-87.75
2020-02-02 13:00:00,277.29745,41.75,-87.75
2020-02-02 14:00:00,277.89978,41.75,-87.75
2020-02-02 15:00:00,279.8,41.75,-87.75
2020-02-02 16:00:00,281.02002,41.75,-87.75
2020-02-02 17:00:00,282.36456,41.75,-87.75
2020-02-02 18:00:00,283.1363,41.75,-87.75
2020-02-02 19:00:00,283.30908,41.75,-87.75
2020-02-02 20:00:00,283.70563,41.75,-87.75
2020-02-02 21:00:00,283.54303,41.75,-87.75
2020-02-02 22:00:00,282.8077,41.75,-87.75
2020-02-02 23:00:00,281.65045,41.75,-87.75
2020-02-03 00:00:00,280.5492,41.75,-87.75
2020-02-03 01:00:00,279.85916,41.75,-87.75
2020-02-03 02:00:00,278.85983,41.75,-87.75
2020-02-03 03:00:00,277.50378,41.75,-87.75
2020-02-03 04:00:00,276.79114,41.75,-87.75
2020-02-03 05:00:00,275.24112,41.75,-87.75
2020-02-03 06:00:00,274.62054,41.75,-87.75
2020-02-03 07:00:00,274.1632,41.75,-87.75
2020-02-03 08:00:00,274.17468,41.75,-87.75
2020-02-03 09:00:00,273.2964,41.75,-87.75
2020-02-03 10:00:00,272.81116,41.75,-87.75
2020-02-03 11:00:00,273.6387,41.75,-87.75
2020-02-03 12:00:00,273.9219,41.75,-87.75
2020-02-03 13:00:00,273.93512,41.75,-87.75
2020-02-03 14:00:00,274.52698,41.75,-87.75
2020-02-03 15:00:00,276.8883,41.75,-87.75
2020-02-03 16:00:00,277.99023,41.75,-87.75
2020-02-03 17:00:00,279.0832,41.75,-87.75
2020-02-03 18:00:00,279.3838,41.75,-87.75
2020-02-03 19:00:00,279.28992,41.75,-87.75
2020-02-03 20:00:00,279.08655,41.75,-87.75
2020-02-03 21:00:00,278.7673,41.75,-87.75
2020-02-03 22:00:00,277.3748,41.75,-87.75
2020-02-03 23:00:00,276.91528,41.75,-87.75
2020-02-04 00:00:00,276.60187,41.75,-87.75
2020-02-04 01:00:00,276.64008,41.75,-87.75
2020-02-04 02:00:00,276.4782,41.75,-87.75
2020-02-04 03:00:00,276.31738,41.75,-87.75
2020-02-04 04:00:00,276.40228,41.75,-87.75
2020-02-04 05:00:00,276.38617,41.75,-87.75
2020-02-04 06:00:00,276.44705,41.75,-87.75
2020-02-04 07:00:00,276.44965,41.75,-87.75
2020-02-04 08:00:00,276.24615,41.75,-87.75
2020-02-04 09:00:00,276.0785,41.75,-87.75
2020-02-04 10:00:00,275.46057,41.75,-87.75
2020-02-04 11:00:00,275.42578,41.75,-87.75
2020-02-04 12:00:00,275.24197,41.75,-87.75
2020-02-04 13:00:00,275.06366,41.75,-87.75
2020-02-04 14:00:00,275.05414,41.75,-87.75
2020-02-04 15:00:00,275.1301,41.75,-87.75
2020-02-04 16:00:00,274.9154,41.75,-87.75
2020-02-04 17:00:00,274.7345,41.75,-87.75
2020-02-04 18:00:00,274.59637,41.75,-87.75
2020-02-04 19:00:00,274.6515,41.75,-87.75
2020-02-04 20:00:00,273.99072,41.75,-87.75
2020-02-04 21:00:00,273.467,41.75,-87.75
2020-02-04 22:00:00,273.1621,41.75,-87.75
2020-02-04 23:00:00,272.71582,41.75,-87.75
2020-02-05 00:00:00,272.7406,41.75,-87.75
2020-02-05 01:00:00,272.64948,41.75,-87.75
2020-02-05 02:00:00,272.60834,41.75,-87.75
2020-02-05 03:00:00,272.37616,41.75,-87.75
2020-02-05 04:00:00,272.39938,41.75,-87.75
2020-02-05 05:00:00,272.43692,41.75,-87.75
2020-02-05 06:00:00,272.3905,41.75,-87.75
2020-02-05 07:00:00,272.3461,41.75,-87.75
2020-02-05 08:00:00,272.16388,41.75,-87.75
2020-02-05 09:00:00,271.88672,41.75,-87.75
2020-02-05 10:00:00,271.25128,41.75,-87.75
2020-02-05 11:00:00,271.31616,41.75,-87.75
2020-02-05 12:00:00,271.24548,41.75,-87.75
2020-02-05 13:00:00,271.12872,41.75,-87.75
2020-02-05 14:00:00,271.15466,41.75,-87.75
2020-02-05 15:00:00,271.71643,41.75,-87.75
2020-02-05 16:00:00,271.98663,41.75,-87.75
2020-02-05 17:00:00,272.15402,41.75,-87.75
2020-02-05 18:00:00,272.10437,41.75,-87.75
2020-02-05 19:00:00,272.03784,41.75,-87.75
2020-02-05 20:00:00,271.494,41.75,-87.75
2020-02-05 21:00:00,271.33807,41.75,-87.75
2020-02-05 22:00:00,270.91254,41.75,-87.75
2020-02-05 23:00:00,270.9847,41.75,-87.75
2020-02-06 00:00:00,271.22638,41.75,-87.75
2020-02-06 01:00:00,271.39783,41.75,-87.75
2020-02-06 02:00:00,271.46896,41.75,-87.75
2020-02-06 03:00:00,271.41815,41.75,-87.75
2020-02-06 04:00:00,271.33008,41.75,-87.75
2020-02-06 05:00:00,271.29623,41.75,-87.75
2020-02-06 06:00:00,271.31943,41.75,-87.75
2020-02-06 07:00:00,271.45074,41.75,-87.75
2020-02-06 08:00:00,271.47345,41.75,-87.75
2020-02-06 09:00:00,271.28485,41.75,-87.75
2020-02-06 10:00:00,270.9909,41.75,-87.75
2020-02-06 11:00:00,271.00092,41.75,-87.75
2020-02-06 12:00:00,271.14255,41.75,-87.75
2020-02-06 13:00:00,271.26627,41.75,-87.75
2020-02-06 14:00:00,271.101,41.75,-87.75
2020-02-06 15:00:00,271.4001,41.75,-87.75
2020-02-06 16:00:00,271.67426,41.75,-87.75
2020-02-06 17:00:00,271.7783,41.75,-87.75
2020-02-06 18:00:00,271.7577,41.75,-87.75
2020-02-06 19:00:00,271.80963,41.75,-87.75
2020-02-06 20:00:00,271.84488,41.75,-87.75
2020-02-06 21:00:00,271.84412,41.75,-87.75
2020-02-06 22:00:00,271.38837,41.75,-87.75
2020-02-06 23:00:00,271.41876,41.75,-87.75
2020-02-07 00:00:00,271.43884,41.75,-87.75
2020-02-07 01:00:00,271.31592,41.75,-87.75
2020-02-07 02:00:00,271.27594,41.75,-87.75
2020-02-07 03:00:00,271.13995,41.75,-87.75
2020-02-07 04:00:00,271.39716,41.75,-87.75
2020-02-07 05:00:00,271.32898,41.75,-87.75
2020-02-07 06:00:00,271.33813,41.75,-87.75
2020-02-07 07:00:00,270.6236,41.75,-87.75
2020-02-07 08:00:00,269.97943,41.75,-87.75
2020-02-07 09:00:00,269.6743,41.75,-87.75
2020-02-07 10:00:00,269.59625,41.75,-87.75
2020-02-07 11:00:00,269.76135,41.75,-87.75
2020-02-07 12:00:00,269.623,41.75,-87.75
2020-02-07 13:00:00,269.38373,41.75,-87.75
2020-02-07 14:00:00,269.69043,41.75,-87.75
2020-02-07 15:00:00,271.64716,41.75,-87.75
2020-02-07 16:00:00,272.69937,41.75,-87.75
2020-02-07 17:00:00,273.87625,41.75,-87.75
2020-02-07 18:00:00,274.5796,41.75,-87.75
2020-02-07 19:00:00,275.0672,41.75,-87.75
2020-02-07 20:00:00,275.33813,41.75,-87.75
2020-02-07 21:00:00,275.3125,41.75,-87.75
2020-02-07 22:00:00,274.58603,41.75,-87.75
2020-02-07 23:00:00,273.92703,41.75,-87.75
2020-02-08 00:00:00,273.5974,41.75,-87.75
2020-02-08 01:00:00,273.3177,41.75,-87.75
2020-02-08 02:00:00,273.0697,41.75,-87.75
2020-02-08 03:00:00,272.69952,41.75,-87.75
2020-02-08 04:00:00,272.54593,41.75,-87.75
2020-02-08 05:00:00,271.97144,41.75,-87.75
2020-02-08 06:00:00,271.6054,41.75,-87.75
2020-02-08 07:00:00,271.27762,41.75,-87.75
2020-02-08 08:00:00,271.3487,41.75,-87.75
2020-02-08 09:00:00,271.3374,41.75,-87.75
2020-02-08 10:00:00,271.11517,41.75,-87.75
2020-02-08 11:00:00,270.99252,41.75,-87.75
2020-02-08 12:00:00,271.26526,41.75,-87.75
2020-02-08 13:00:00,271.16367,41.75,-87.75
2020-02-08 14:00:00,271.43817,41.75,-87.75
2020-02-08 15:00:00,272.23642,41.75,-87.75
2020-02-08 16:00:00,272.68097,41.75,-87.75
2020-02-08 17:00:00,273.39807,41.75,-87.75
2020-02-08 18:00:00,273.9029,41.75,-87.75
2020-02-08 19:00:00,274.12665,41.75,-87.75
2020-02-08 20:00:00,274.09177,41.75,-87.75
2020-02-08 21:00:00,273.865,41.75,-87.75
2020-02-08 22:00:00,273.69186,41.75,-87.75
2020-02-08 23:00:00,273.54407,41.75,-87.75
2020-02-09 00:00:00,273.20627,41.75,-87.75
2020-02-09 01:00:00,272.52655,41.75,-87.75
2020-02-09 02:00:00,271.9072,41.75,-87.75
2020-02-09 03:00:00,271.37494,41.75,-87.75
2020-02-09 04:00:00,271.23334,41.75,-87.75
2020-02-09 05:00:00,270.97003,41.75,-87.75
2020-02-09 06:00:00,270.5015,41.75,-87.75
2020-02-09 07:00:00,270.1853,41.75,-87.75
2020-02-09 08:00:00,269.89572,41.75,-87.75
2020-02-09 09:00:00,269.55017,41.75,-87.75
2020-02-09 10:00:00,269.9981,41.75,-87.75
2020-02-09 11:00:00,269.92688,41.75,-87.75
2020-02-09 12:00:00,270.09766,41.75,-87.75
2020-02-09 13:00:00,270.35193,41.75,-87.75
2020-02-09 14:00:00,271.00848,41.75,-87.75
2020-02-09 15:00:00,271.78027,41.75,-87.75
2020-02-09 16:00:00,272.22565,41.75,-87.75
2020-02-09 17:00:00,273.32483,41.75,-87.75
2020-02-09 18:00:00,273.50998,41.75,-87.75
2020-02-09 19:00:00,273.4414,41.75,-87.75
2020-02-09 20:00:00,273.793,41.75,-87.75
2020-02-09 21:00:00,273.9533,41.75,-87.75
2020-02-09 22:00:00,274.8509,41.75,-87.75
2020-02-09 23:00:00,275.1806,41.75,-87.75
2020-02-10 00:00:00,275.20493,41.75,-87.75
2020-02-10 01:00:00,275.2213,41.75,-87.75
2020-02-10 02:00:00,275.36935,41.75,-87.75
2020-02-10 03:00:00,275.0631,41.75,-87.75
2020-02-10 04:00:00,275.1104,41.75,-87.75
2020-02-10 05:00:00,274.78363,41.75,-87.75
2020-02-10 06:00:00,273.68066,41.75,-87.75
2020-02-10 07:00:00,272.48547,41.75,-87.75
2020-02-10 08:00:00,271.4673,41.75,-87.75
2020-02-10 09:00:00,270.7964,41.75,-87.75
2020-02-10 10:00:00,269.83887,41.75,-87.75
2020-02-10 11:00:00,269.90665,41.75,-87.75
2020-02-10 12:00:00,270.1031,41.75,-87.75
2020-02-10 13:00:00,270.34906,41.75,-87.75
2020-02-10 14:00:00,270.52307,41.75,-87.75
2020-02-10 15:00:00,271.36026,41.75,-87.75
2020-02-10 16:00:00,271.96094,41.75,-87.75
2020-02-10 17:00:00,272.62607,41.75,-87.75
2020-02-10 18:00:00,273.34375,41.75,-87.75
2020-02-10 19:00:00,273.65344,41.75,-87.75
2020-02-10 20:00:00,273.78235,41.75,-87.75
2020-02-10 21:00:00,274.02972,41.75,-87.75
2020-02-10 22:00:00,273.9449,41.75,-87.75
2020-02-10 23:00:00,273.77887,41.75,-87.75
2020-02-11 00:00:00,272.66156,41.75,-87.75
2020-02-11 01:00:00,273.08014,41.75,-87.75
2020-02-11 02:00:00,271.6919,41.75,-87.75
2020-02-11 03:00:00,271.72473,41.75,-87.75
2020-02-11 04:00:00,271.77426,41.75,-87.75
2020-02-11 05:00:00,271.77118,41.75,-87.75
2020-02-11 06:00:00,272.01324,41.75,-87.75
2020-02-11 07:00:00,272.09015,41.75,-87.75
2020-02-11 08:00:00,271.9941,41.75,-87.75
2020-02-11 09:00:00,271.7855,41.75,-87.75
2020-02-11 10:00:00,271.24875,41.75,-87.75
2020-02-11 11:00:00,271.34583,41.75,-87.75
2020-02-11 12:00:00,271.43024,41.75,-87.75
2020-02-11 13:00:00,271.21298,41.75,-87.75
2020-02-11 14:00:00,271.654,41.75,-87.75
2020-02-11 15:00:00,272.73993,41.75,-87.75
2020-02-11 16:00:00,273.48486,41.75,-87.75
2020-02-11 17:00:00,274.23767,41.75,-87.75
2020-02-11 18:00:00,275.0662,41.75,-87.75
2020-02-11 19:00:00,275.29935,41.75,-87.75
2020-02-11 20:00:00,275.30353,41.75,-87.75
2020-02-11 21:00:00,274.62646,41.75,-87.75
2020-02-11 22:00:00,273.94965,41.75,-87.75
2020-02-11 23:00:00,273.34198,41.75,-87.75
2020-02-12 00:00:00,272.63605,41.75,-87.75
2020-02-12 01:00:00,272.10223,41.75,-87.75
2020-02-12 02:00:00,271.5797,41.75,-87.75
2020-02-12 03:00:00,270.8186,41.75,-87.75
2020-02-12 04:00:00,270.57507,41.75,-87.75
2020-02-12 05:00:00,270.28384,41.75,-87.75
2020-02-12 06:00:00,269.95975,41.75,-87.75
2020-02-12 07:00:00,269.55316,41.75,-87.75
2020-02-12 08:00:00,269.4375,41.75,-87.75
2020-02-12 09:00:00,269.3723,41.75,-87.75
2020-02-12 10:00:00,269.15967,41.75,-87.75
2020-02-12 11:00:00,269.29535,41.75,-87.75
2020-02-12 12:00:00,269.46027,41.75,-87.75
2020-02-12 13:00:00,269.38754,41.75,-87.75
2020-02-12 14:00:00,270.28833,41.75,-87.75
2020-02-12 15:00:00,272.31958,41.75,-87.75
2020-02-12 16:00:00,273.1958,41.75,-87.75
2020-02-12 17:00:00,274.30676,41.75,-87.75
2020-02-12 18:00:00,274.8503,41.75,-87.75
2020-02-12 19:00:00,275.06586,41.75,-87.75
2020-02-12 20:00:00,274.88123,41.75,-87.75
2020-02-12 21:00:00,274.87854,41.75,-87.75
2020-02-12 22:00:00,273.78348,41.75,-87.75
2020-02-12 23:00:00,273.53217,41.75,-87.75
2020-02-13 00:00:00,273.40387,41.75,-87.75
2020-02-13 01:00:00,273.0191,41.75,-87.75
2020-02-13 02:00:00,273.18805,41.75,-87.75
2020-02-13 03:00:00,272.66653,41.75,-87.75
2020-02-13 04:00:00,272.73306,41.75,-87.75
2020-02-13 05:00:00,272.65717,41.75,-87.75
2020-02-13 06:00:00,272.96463,41.75,-87.75
2020-02-13 07:00:00,273.01422,41.75,-87.75
2020-02-13 08:00:00,272.74225,41.75,-87.75
2020-02-13 09:00:00,272.26837,41.75,-87.75
2020-02-13 10:00:00,270.49243,41.75,-87.75
2020-02-13 11:00:00,270.58173,41.75,-87.75
2020-02-13 12:00:00,270.67737,41.75,-87.75
2020-02-13 13:00:00,269.5805,41.75,-87.75
2020-02-13 14:00:00,267.5916,41.75,-87.75
2020-02-13 15:00:00,266.08698,41.75,-87.75
2020-02-13 16:00:00,265.325,41.75,-87.75
2020-02-13 17:00:00,264.5631,41.75,-87.75
2020-02-13 18:00:00,264.13132,41.75,-87.75
2020-02-13 19:00:00,263.57953,41.75,-87.75
2020-02-13 20:00:00,263.5105,41.75,-87.75
2020-02-13 21:00:00,263.48517,41.75,-87.75
2020-02-13 22:00:00,262.44073,41.75,-87.75
2020-02-13 23:00:00,262.04565,41.75,-87.75
2020-02-14 00:00:00,261.2265,41.75,-87.75
2020-02-14 01:00:00,260.51913,41.75,-87.75
2020-02-14 02:00:00,260.00067,41.75,-87.75
2020-02-14 03:00:00,259.27277,41.75,-87.75
2020-02-14 04:00:00,259.063,41.75,-87.75
2020-02-14 05:00:00,258.83896,41.75,-87.75
2020-02-14 06:00:00,258.35608,41.75,-87.75
2020-02-14 07:00:00,257.62592,41.75,-87.75
2020-02-14 08:00:00,256.92398,41.75,-87.75
2020-02-14 09:00:00,255.8122,41.75,-87.75
2020-02-14 10:00:00,254.31581,41.75,-87.75
2020-02-14 11:00:00,253.84946,41.75,-87.75
2020-02-14 12:00:00,253.733,41.75,-87.75
2020-02-14 13:00:00,253.2909,41.75,-87.75
2020-02-14 14:00:00,253.65996,41.75,-87.75
2020-02-14 15:00:00,255.31107,41.75,-87.75
2020-02-14 16:00:00,256.67743,41.75,-87.75
2020-02-14 17:00:00,258.0211,41.75,-87.75
2020-02-14 18:00:00,259.2119,41.75,-87.75
2020-02-14 19:00:00,259.91162,41.75,-87.75
2020-02-14 20:00:00,260.45584,41.75,-87.75
2020-02-14 21:00:00,261.25824,41.75,-87.75
2020-02-14 22:00:00,260.88354,41.75,-87.75
2020-02-14 23:00:00,260.47534,41.75,-87.75
2020-02-15 00:00:00,259.80298,41.75,-87.75
2020-02-15 01:00:00,259.38635,41.75,-87.75
2020-02-15 02:00:00,259.5492,41.75,-87.75
2020-02-15 03:00:00,259.48004,41.75,-87.75
2020-02-15 04:00:00,259.43365,41.75,-87.75
2020-02-15 05:00:00,259.58786,41.75,-87.75
2020-02-15 06:00:00,259.7128,41.75,-87.75
2020-02-15 07:00:00,259.979,41.75,-87.75
2020-02-15 08:00:00,260.5011,41.75,-87.75
2020-02-15 09:00:00,261.6443,41.75,-87.75
2020-02-15 10:00:00,264.0018,41.75,-87.75
2020-02-15 11:00:00,264.77808,41.75,-87.75
2020-02-15 12:00:00,265.61862,41.75,-87.75
2020-02-15 13:00:00,266.05676,41.75,-87.75
2020-02-15 14:00:00,266.8252,41.75,-87.75
2020-02-15 15:00:00,268.72284,41.75,-87.75
2020-02-15 16:00:00,269.46994,41.75,-87.75
2020-02-15 17:00:00,269.94467,41.75,-87.75
2020-02-15 18:00:00,270.4195,41.75,-87.75
2020-02-15 19:00:00,270.7775,41.75,-87.75
2020-02-15 20:00:00,271.422,41.75,-87.75
2020-02-15 21:00:00,272.26947,41.75,-87.75
2020-02-15 22:00:00,273.2528,41.75,-87.75
2020-02-15 23:00:00,273.5301,41.75,-87.75
2020-02-16 00:00:00,273.47272,41.75,-87.75
2020-02-16 01:00:00,272.78445,41.75,-87.75
2020-02-16 02:00:00,272.3905,41.75,-87.75
2020-02-16 03:00:00,271.61615,41.75,-87.75
2020-02-16 04:00:00,271.43744,41.75,-87.75
2020-02-16 05:00:00,271.24796,41.75,-87.75
2020-02-16 06:00:00,270.85898,41.75,-87.75
2020-02-16 07:00:00,270.1319,41.75,-87.75
2020-02-16 08:00:00,269.92993,41.75,-87.75
2020-02-16 09:00:00,269.48636,41.75,-87.75
2020-02-16 10:00:00,267.6917,41.75,-87.75
2020-02-16 11:00:00,266.8103,41.75,-87.75
2020-02-16 12:00:00,265.8676,41.75,-87.75
2020-02-16 13:00:00,267.38174,41.75,-87.75
2020-02-16 14:00:00,266.90143,41.75,-87.75
2020-02-16 15:00:00,269.90207,41.75,-87.75
2020-02-16 16:00:00,271.48486,41.75,-87.75
2020-02-16 17:00:00,273.00635,41.75,-87.75
2020-02-16 18:00:00,273.951,41.75,-87.75
2020-02-16 19:00:00,273.97565,41.75,-87.75
2020-02-16 20:00:00,274.3959,41.75,-87.75
2020-02-16 21:00:00,274.29242,41.75,-87.75
2020-02-16 22:00:00,275.26556,41.75,-87.75
2020-02-16 23:00:00,272.1902,41.75,-87.75
2020-02-17 00:00:00,271.26886,41.75,-87.75
2020-02-17 01:00:00,270.04996,41.75,-87.75
2020-02-17 02:00:00,269.39423,41.75,-87.75
2020-02-17 03:00:00,269.1217,41.75,-87.75
2020-02-17 04:00:00,270.3656,41.75,-87.75
2020-02-17 05:00:00,270.60358,41.75,-87.75
2020-02-17 06:00:00,271.44528,41.75,-87.75
2020-02-17 07:00:00,271.66132,41.75,-87.75
2020-02-17 08:00:00,271.6433,41.75,-87.75
2020-02-17 09:00:00,271.54965,41.75,-87.75
2020-02-17 10:00:00,273.0515,41.75,-87.75
2020-02-17 11:00:00,273.05737,41.75,-87.75
2020-02-17 12:00:00,273.10052,41.75,-87.75
2020-02-17 13:00:00,273.31732,41.75,-87.75
2020-02-17 14:00:00,273.7351,41.75,-87.75
2020-02-17 15:00:00,275.09964,41.75,-87.75
2020-02-17 16:00:00,275.56976,41.75,-87.75
2020-02-17 17:00:00,276.00946,41.75,-87.75
2020-02-17 18:00:00,276.6554,41.75,-87.75
2020-02-17 19:00:00,276.84296,41.75,-87.75
2020-02-17 20:00:00,276.35867,41.75,-87.75
2020-02-17 21:00:00,275.59195,41.75,-87.75
2020-02-17 22:00:00,275.23065,41.75,-87.75
2020-02-17 23:00:00,274.96686,41.75,-87.75
2020-02-18 00:00:00,275.3075,41.75,-87.75
2020-02-18 01:00:00,275.5772,41.75,-87.75
2020-02-18 02:00:00,275.82083,41.75,-87.75
2020-02-18 03:00:00,276.07785,41.75,-87.75
2020-02-18 04:00:00,276.20117,41.75,-87.75
2020-02-18 05:00:00,276.34506,41.75,-87.75
2020-02-18 06:00:00,276.33316,41.75,-87.75
2020-02-18 07:00:00,276.2572,41.75,-87.75
2020-02-18 08:00:00,276.2405,41.75,-87.75
2020-02-18 09:00:00,276.24292,41.75,-87.75
2020-02-18 10:00:00,275.63544,41.75,-87.75
2020-02-18 11:00:00,275.05698,41.75,-87.75
2020-02-18 12:00:00,274.929,41.75,-87.75
2020-02-18 13:00:00,274.82928,41.75,-87.75
2020-02-18 14:00:00,274.97455,41.75,-87.75
2020-02-18 15:00:00,275.0643,41.75,-87.75
2020-02-18 16:00:00,275.4079,41.75,-87.75
2020-02-18 17:00:00,275.79504,41.75,-87.75
2020-02-18 18:00:00,275.90967,41.75,-87.75
2020-02-18 19:00:00,275.86526,41.75,-87.75
2020-02-18 20:00:00,275.85638,41.75,-87.75
2020-02-18 21:00:00,275.971,41.75,-87.75
2020-02-18 22:00:00,275.40805,41.75,-87.75
2020-02-18 23:00:00,274.5755,41.75,-87.75
2020-02-19 00:00:00,273.319,41.75,-87.75
2020-02-19 01:00:00,272.63974,41.75,-87.75
2020-02-19 02:00:00,272.23657,41.75,-87.75
2020-02-19 03:00:00,271.5218,41.75,-87.75
2020-02-19 04:00:00,271.5539,41.75,-87.75
2020-02-19 05:00:00,271.2927,41.75,-87.75
2020-02-19 06:00:00,270.4234,41.75,-87.75
2020-02-19 07:00:00,269.86304,41.75,-87.75
2020-02-19 08:00:00,269.20062,41.75,-87.75
2020-02-19 09:00:00,268.3244,41.75,-87.75
2020-02-19 10:00:00,266.9934,41.75,-87.75
2020-02-19 11:00:00,266.87772,41.75,-87.75
2020-02-19 12:00:00,266.76727,41.75,-87.75
2020-02-19 13:00:00,266.73218,41.75,-87.75
2020-02-19 14:00:00,267.16553,41.75,-87.75
2020-02-19 15:00:00,268.24396,41.75,-87.75
2020-02-19 16:00:00,268.81207,41.75,-87.75
2020-02-19 17:00:00,269.76184,41.75,-87.75
2020-02-19 18:00:00,270.55145,41.75,-87.75
2020-02-19 19:00:00,271.0944,41.75,-87.75
2020-02-19 20:00:00,271.498,41.75,-87.75
2020-02-19 21:00:00,271.5302,41.75,-87.75
2020-02-19 22:00:00,270.714,41.75,-87.75
2020-02-19 23:00:00,270.4056,41.75,-87.75
2020-02-20 00:00:00,269.17905,41.75,-87.75
2020-02-20 01:00:00,269.35236,41.75,-87.75
2020-02-20 02:00:00,269.29193,41.75,-87.75
2020-02-20 03:00:00,268.43726,41.75,-87.75
2020-02-20 04:00:00,268.1062,41.75,-87.75
2020-02-20 05:00:00,267.7973,41.75,-87.75
2020-02-20 06:00:00,267.3282,41.75,-87.75
2020-02-20 07:00:00,267.0728,41.75,-87.75
2020-02-20 08:00:00,266.6817,41.75,-87.75
2020-02-20 09:00:00,265.87018,41.75,-87.75
2020-02-20 10:00:00,264.28244,41.75,-87.75
2020-02-20 11:00:00,264.00085,41.75,-87.75
2020-02-20 12:00:00,263.77554,41.75,-87.75
2020-02-20 13:00:00,263.42734,41.75,-87.75
2020-02-20 14:00:00,263.82135,41.75,-87.75
2020-02-20 15:00:00,265.15085,41.75,-87.75
2020-02-20 16:00:00,265.88477,41.75,-87.75
2020-02-20 17:00:00,266.46094,41.75,-87.75
2020-02-20 18:00:00,267.3095,41.75,-87.75
2020-02-20 19:00:00,267.64777,41.75,-87.75
2020-02-20 20:00:00,267.89127,41.75,-87.75
2020-02-20 21:00:00,268.18652,41.75,-87.75
2020-02-20 22:00:00,268.03397,41.75,-87.75
2020-02-20 23:00:00,267.75635,41.75,-87.75
2020-02-21 00:00:00,266.74542,41.75,-87.75
2020-02-21 01:00:00,266.75156,41.75,-87.75
2020-02-21 02:00:00,266.40646,41.75,-87.75
2020-02-21 03:00:00,265.71252,41.75,-87.75
2020-02-21 04:00:00,265.3755,41.75,-87.75
2020-02-21 05:00:00,265.15472,41.75,-87.75
2020-02-21 06:00:00,264.77557,41.75,-87.75
2020-02-21 07:00:00,264.0645,41.75,-87.75
2020-02-21 08:00:00,263.80753,41.75,-87.75
2020-02-21 09:00:00,263.52142,41.75,-87.75
2020-02-21 10:00:00,262.80057,41.75,-87.75
2020-02-21 11:00:00,262.826,41.75,-87.75
2020-02-21 12:00:00,263.02167,41.75,-87.75
2020-02-21 13:00:00,263.0301,41.75,-87.75
2020-02-21 14:00:00,264.50983,41.75,-87.75
2020-02-21 15:00:00,267.54422,41.75,-87.75
2020-02-21 16:00:00,269.5656,41.75,-87.75
2020-02-21 17:00:00,271.3551,41.75,-87.75
2020-02-21 18:00:00,272.9931,41.75,-87.75
2020-02-21 19:00:00,274.07117,41.75,-87.75
2020-02-21 20:00:00,274.8393,41.75,-87.75
2020-02-21 21:00:00,275.64984,41.75,-87.75
2020-02-21 22:00:00,275.09,41.75,-87.75
2020-02-21 23:00:00,274.75598,41.75,-87.75
2020-02-22 00:00:00,273.86517,41.75,-87.75
2020-02-22 01:00:00,273.3778,41.75,-87.75
2020-02-22 02:00:00,272.93268,41.75,-87.75
2020-02-22 03:00:00,272.29648,41.75,-87.75
2020-02-22 04:00:00,272.11243,41.75,-87.75
2020-02-22 05:00:00,271.9325,41.75,-87.75
2020-02-22 06:00:00,271.86493,41.75,-87.75
2020-02-22 07:00:00,271.6806,41.75,-87.75
2020-02-22 08:00:00,271.70703,41.75,-87.75
2020-02-22 09:00:00,271.23322,41.75,-87.75
2020-02-22 10:00:00,271.0852,41.75,-87.75
2020-02-22 11:00:00,270.98547,41.75,-87.75
2020-02-22 12:00:00,271.02548,41.75,-87.75
2020-02-22 13:00:00,270.7919,41.75,-87.75
2020-02-22 14:00:00,271.98132,41.75,-87.75
2020-02-22 15:00:00,274.59094,41.75,-87.75
2020-02-22 16:00:00,276.12448,41.75,-87.75
2020-02-22 17:00:00,277.6508,41.75,-87.75
2020-02-22 18:00:00,279.33435,41.75,-87.75
2020-02-22 19:00:00,280.24252,41.75,-87.75
2020-02-22 20:00:00,281.07504,41.75,-87.75
2020-02-22 21:00:00,281.75012,41.75,-87.75
2020-02-22 22:00:00,281.29446,41.75,-87.75
2020-02-22 23:00:00,280.64337,41.75,-87.75
2020-02-23 00:00:00,279.45532,41.75,-87.75
2020-02-23 01:00:00,278.791,41.75,-87.75
2020-02-23 02:00:00,278.23938,41.75,-87.75
2020-02-23 03:00:00,277.1233,41.75,-87.75
2020-02-23 04:00:00,276.55588,41.75,-87.75
2020-02-23 05:00:00,276.10712,41.75,-87.75
2020-02-23 06:00:00,275.4994,41.75,-87.75
2020-02-23 07:00:00,274.9783,41.75,-87.75
2020-02-23 08:00:00,274.80615,41.75,-87.75
2020-02-23 09:00:00,274.38922,41.75,-87.75
2020-02-23 10:00:00,274.36713,41.75,-87.75
2020-02-23 11:00:00,274.33832,41.75,-87.75
2020-02-23 12:00:00,274.38705,41.75,-87.75
2020-02-23 13:00:00,274.33783,41.75,-87.75
2020-02-23 14:00:00,275.4405,41.75,-87.75
2020-02-23 15:00:00,277.6975,41.75,-87.75
2020-02-23 16:00:00,279.2092,41.75,-87.75
2020-02-23 17:00:00,280.80676,41.75,-87.75
2020-02-23 18:00:00,282.03943,41.75,-87.75
2020-02-23 19:00:00,282.97894,41.75,-87.75
2020-02-23 20:00:00,283.8898,41.75,-87.75
2020-02-23 21:00:00,284.6253,41.75,-87.75
2020-02-23 22:00:00,283.85693,41.75,-87.75
2020-02-23 23:00:00,283.10608,41.75,-87.75
2020-02-24 00:00:00,281.44754,41.75,-87.75
2020-02-24 01:00:00,280.1712,41.75,-87.75
2020-02-24 02:00:00,279.65027,41.75,-87.75
2020-02-24 03:00:00,278.60696,41.75,-87.75
2020-02-24 04:00:00,278.1423,41.75,-87.75
2020-02-24 05:00:00,277.62195,41.75,-87.75
2020-02-24 06:00:00,277.0251,41.75,-87.75
2020-02-24 07:00:00,276.1461,41.75,-87.75
2020-02-24 08:00:00,275.6753,41.75,-87.75
2020-02-24 09:00:00,275.47446,41.75,-87.75
2020-02-24 10:00:00,275.0207,41.75,-87.75
2020-02-24 11:00:00,275.01776,41.75,-87.75
2020-02-24 12:00:00,275.0182,41.75,-87.75
2020-02-24 13:00:00,275.0368,41.75,-87.75
2020-02-24 14:00:00,275.539,41.75,-87.75
2020-02-24 15:00:00,276.85657,41.75,-87.75
2020-02-24 16:00:00,277.14813,41.75,-87.75
2020-02-24 17:00:00,277.3219,41.75,-87.75
2020-02-24 18:00:00,277.25748,41.75,-87.75
2020-02-24 19:00:00,277.0703,41.75,-87.75
2020-02-24 20:00:00,276.43707,41.75,-87.75
2020-02-24 21:00:00,275.98718,41.75,-87.75
2020-02-24 22:00:00,275.29694,41.75,-87.75
2020-02-24 23:00:00,274.92255,41.75,-87.75
2020-02-25 00:00:00,275.2517,41.75,-87.75
2020-02-25 01:00:00,275.46326,41.75,-87.75
2020-02-25 02:00:00,275.5853,41.75,-87.75
2020-02-25 03:00:00,275.59735,41.75,-87.75
2020-02-25 04:00:00,275.77103,41.75,-87.75
2020-02-25 05:00:00,276.0335,41.75,-87.75
2020-02-25 06:00:00,276.20258,41.75,-87.75
2020-02-25 07:00:00,276.20343,41.75,-87.75
2020-02-25 08:00:00,275.91586,41.75,-87.75
2020-02-25 09:00:00,275.80115,41.75,-87.75
2020-02-25 10:00:00,275.44714,41.75,-87.75
2020-02-25 11:00:00,275.43164,41.75,-87.75
2020-02-25 12:00:00,275.3077,41.75,-87.75
2020-02-25 13:00:00,275.23428,41.75,-87.75
2020-02-25 14:00:00,275.28662,41.75,-87.75
2020-02-25 15:00:00,275.76346,41.75,-87.75
2020-02-25 16:00:00,275.35083,41.75,-87.75
2020-02-25 17:00:00,275.37466,41.75,-87.75
2020-02-25 18:00:00,275.64648,41.75,-87.75
2020-02-25 19:00:00,275.5815,41.75,-87.75
2020-02-25 20:00:00,275.11737,41.75,-87.75
2020-02-25 21:00:00,275.01175,41.75,-87.75
2020-02-25 22:00:00,274.51202,41.75,-87.75
2020-02-25 23:00:00,274.40268,41.75,-87.75
2020-02-26 00:00:00,274.1288,41.75,-87.75
2020-02-26 01:00:00,274.177,41.75,-87.75
2020-02-26 02:00:00,274.10107,41.75,-87.75
2020-02-26 03:00:00,273.92773,41.75,-87.75
2020-02-26 04:00:00,273.9178,41.75,-87.75
2020-02-26 05:00:00,273.83667,41.75,-87.75
2020-02-26 06:00:00,273.78607,41.75,-87.75
2020-02-26 07:00:00,273.72766,41.75,-87.75
2020-02-26 08:00:00,273.43243,41.75,-87.75
2020-02-26 09:00:00,272.927,41.75,-87.75
2020-02-26 10:00:00,272.38818,41.75,-87.75
2020-02-26 11:00:00,272.26224,41.75,-87.75
2020-02-26 12:00:00,272.38068,41.75,-87.75
2020-02-26 13:00:00,272.25726,41.75,-87.75
2020-02-26 14:00:00,272.39795,41.75,-87.75
2020-02-26 15:00:00,272.85547,41.75,-87.75
2020-02-26 16:00:00,273.14685,41.75,-87.75
2020-02-26 17:00:00,272.97415,41.75,-87.75
2020-02-26 18:00:00,272.64984,41.75,-87.75
2020-02-26 19:00:00,272.35315,41.75,-87.75
2020-02-26 20:00:00,272.31287,41.75,-87.75
2020-02-26 21:00:00,272.0241,41.75,-87.75
2020-02-26 22:00:00,271.64264,41.75,-87.75
2020-02-26 23:00:00,271.3314,41.75,-87.75
2020-02-27 00:00:00,271.01453,41.75,-87.75
2020-02-27 01:00:00,270.66138,41.75,-87.75
2020-02-27 02:00:00,270.41498,41.75,-87.75
2020-02-27 03:00:00,270.16,41.75,-87.75
2020-02-27 04:00:00,270.17667,41.75,-87.75
2020-02-27 05:00:00,270.32065,41.75,-87.75
2020-02-27 06:00:00,270.34335,41.75,-87.75
2020-02-27 07:00:00,270.19824,41.75,-87.75
2020-02-27 08:00:00,270.1139,41.75,-87.75
2020-02-27 09:00:00,269.95605,41.75,-87.75
2020-02-27 10:00:00,269.93756,41.75,-87.75
2020-02-27 11:00:00,269.94135,41.75,-87.75
2020-02-27 12:00:00,269.7696,41.75,-87.75
2020-02-27 13:00:00,269.37955,41.75,-87.75
2020-02-27 14:00:00,269.72476,41.75,-87.75
2020-02-27 15:00:00,270.78107,41.75,-87.75
2020-02-27 16:00:00,271.37946,41.75,-87.75
2020-02-27 17:00:00,271.93356,41.75,-87.75
2020-02-27 18:00:00,272.4753,41.75,-87.75
2020-02-27 19:00:00,272.6463,41.75,-87.75
2020-02-27 20:00:00,273.14188,41.75,-87.75
2020-02-27 21:00:00,273.136,41.75,-87.75
2020-02-27 22:00:00,272.74094,41.75,-87.75
2020-02-27 23:00:00,272.26105,41.75,-87.75
2020-02-28 00:00:00,271.3194,41.75,-87.75
2020-02-28 01:00:00,270.735,41.75,-87.75
2020-02-28 02:00:00,270.0471,41.75,-87.75
2020-02-28 03:00:00,269.23828,41.75,-87.75
2020-02-28 04:00:00,269.16705,41.75,-87.75
2020-02-28 05:00:00,269.1986,41.75,-87.75
2020-02-28 06:00:00,269.08752,41.75,-87.75
2020-02-28 07:00:00,268.58383,41.75,-87.75
2020-02-28 08:00:00,268.03473,41.75,-87.75
2020-02-28 09:00:00,267.6819,41.75,-87.75
2020-02-28 10:00:00,267.05762,41.75,-87.75
2020-02-28 11:00:00,266.93542,41.75,-87.75
2020-02-28 12:00:00,266.88977,41.75,-87.75
2020-02-28 13:00:00,266.87683,41.75,-87.75
2020-02-28 14:00:00,267.1881,41.75,-87.75
2020-02-28 15:00:00,268.1196,41.75,-87.75
2020-02-28 16:00:00,268.73297,41.75,-87.75
2020-02-28 17:00:00,269.89294,41.75,-87.75
2020-02-28 18:00:00,270.77188,41.75,-87.75
2020-02-28 19:00:00,271.12045,41.75,-87.75
2020-02-28 20:00:00,271.4236,41.75,-87.75
2020-02-28 21:00:00,271.6633,41.75,-87.75
2020-02-28 22:00:00,270.9447,41.75,-87.75
2020-02-28 23:00:00,270.48907,41.75,-87.75
2020-02-29 00:00:00,269.64563,41.75,-87.75
2020-02-29 01:00:00,269.13593,41.75,-87.75
2020-02-29 02:00:00,268.87238,41.75,-87.75
2020-02-29 03:00:00,268.52255,41.75,-87.75
2020-02-29 04:00:00,268.44855,41.75,-87.75
2020-02-29 05:00:00,268.26166,41.75,-87.75
2020-02-29 06:00:00,268.242,41.75,-87.75
2020-02-29 07:00:00,267.6894,41.75,-87.75
2020-02-29 08:00:00,267.19687,41.75,-87.75
2020-02-29 09:00:00,266.3343,41.75,-87.75
2020-02-29 10:00:00,265.5015,41.75,-87.75
2020-02-29 11:00:00,265.36795,41.75,-87.75
2020-02-29 12:00:00,265.35107,41.75,-87.75
2020-02-29 13:00:00,265.3024,41.75,-87.75
2020-02-29 14:00:00,266.37262,41.75,-87.75
2020-02-29 15:00:00,268.8802,41.75,-87.75
2020-02-29 16:00:00,270.3214,41.75,-87.75
2020-02-29 17:00:00,271.43604,41.75,-87.75
2020-02-29 18:00:00,272.8142,41.75,-87.75
2020-02-29 19:00:00,273.57764,41.75,-87.75
2020-02-29 20:00:00,274.31763,41.75,-87.75
2020-02-29 21:00:00,275.06073,41.75,-87.75
2020-02-29 22:00:00,274.68445,41.75,-87.75
2020-02-29 23:00:00,274.40286,41.75,-87.75
